[
	{
		"name": "种草",
		"sid": "8884da76-33c1-11eb-8597-246e966235d8"
	},
	{
		"name": "滴滴",
		"sid": "6c6d07e9-475d-11eb-8597-246e966235d8"
	},
	{
		"name": "福利",
		"sid": "100a23e9-3b78-11eb-8597-246e966235d8"
	},
	{
		"name": "平安",
		"sid": "25c9ad26-433c-11eb-8597-246e966235d8"
	},
	{
		"name": "飞车",
		"sid": "bc4e2ca0-3f85-11eb-8597-246e966235d8"
	},
	{
		"name": "黄绿",
		"sid": "0342599f-3b87-11eb-8597-246e966235d8"
	},
	{
		"name": "考拉",
		"sid": "ff7beb9c-4695-11eb-8597-246e966235d8"
	},
	{
		"name": "故事",
		"sid": "8c0f1ca3-39ee-11eb-8597-246e966235d8"
	},
	{
		"name": "质感",
		"sid": "6917c98c-3924-11eb-8597-246e966235d8"
	},
	{
		"name": "三体",
		"sid": "466273a4-3ea1-11eb-8597-246e966235d8"
	},
	{
		"name": "汉堡",
		"sid": "a56b981e-3b6b-11eb-8597-246e966235d8"
	},
	{
		"name": "使命",
		"sid": "811c7a29-4526-11eb-8597-246e966235d8"
	},
	{
		"name": "摄影",
		"sid": "d3ef36a6-33c3-11eb-8597-246e966235d8"
	},
	{
		"name": "健身",
		"sid": "a1467d6c-40e9-11eb-8597-246e966235d8"
	},
	{
		"name": "希望",
		"sid": "74a0e018-49cc-11eb-8597-246e966235d8"
	},
	{
		"name": "招行",
		"sid": "0fde01dc-435c-11eb-8597-246e966235d8"
	},
	{
		"name": "声优",
		"sid": "a25363bb-3baf-11eb-8597-246e966235d8"
	},
	{
		"name": "黑胶",
		"sid": "1a77527b-450e-11eb-8597-246e966235d8"
	},
	{
		"name": "新番",
		"sid": "2b737f95-45c6-11eb-8597-246e966235d8"
	},
	{
		"name": "国创",
		"sid": "e5cd271e-45bc-11eb-8597-246e966235d8"
	},
	{
		"name": "青回",
		"sid": "4a8593aa-3f8c-11eb-8597-246e966235d8"
	},
	{
		"name": "必剪",
		"sid": "ab087551-2e42-11eb-8597-246e966235d8"
	},
	{
		"name": "搞笑",
		"sid": "6b146553-24c3-11eb-8597-246e966235d8"
	},
	{
		"name": "娱乐",
		"sid": "5694b076-3dfc-11eb-8597-246e966235d8"
	},
	{
		"name": "王朝",
		"sid": "7bc3d16f-4117-11eb-8597-246e966235d8"
	}
]